Workbook

Sheet Feuil1
A1: Product_ID | B1: Produit | C1: Prix
A2: P001 | B2: Ordinateur | C2: 450000
A3: P002 | B3: Souris | C3: 15000
A4: P003 | B4: Clavier | C4: 25000
A5: P004 | B5: Écran | C5: 120000
A6: P005 | B6: Casque | C6: 30000
A10: P003 | B10: =VLOOKUP(A10,A2:C6,2,FALSE) -> Clavier | C10: =VLOOKUP(A10,A2:C6,3,FALSE) -> 25000
A11: P001 | B11: =VLOOKUP(A11,A2:C6,2,FALSE) -> Ordinateur | C11: =VLOOKUP(A11,A2:C6,3,FALSE) -> 450000
A12: P004 | B12: =VLOOKUP(A12,A2:C6,2,FALSE) -> Écran | C12: =VLOOKUP(A12,A2:C6,3,FALSE) -> 120000
A13: P999 | B13: =VLOOKUP(A13,A2:C6,2,FALSE) -> #N/A | C13: =VLOOKUP(A13,A2:C6,2,FALSE) -> #N/A
A14: P002 | B14: =VLOOKUP(A14,A2:C6,2,FALSE) -> Souris | C14: =VLOOKUP(A14,A2:C6,3,FALSE) -> 15000
A17: P001 | B17: =VLOOKUP(A17,$A$2:$C$6,2,FALSE) -> Ordinateur
A18: P003 | B18: =VLOOKUP(A18,$A$2:$C$6,2,FALSE) -> Clavier
A19: P005 | B19: =VLOOKUP(A19,$A$2:$C$6,2,FALSE) -> Casque
A20: P002 | B20: =VLOOKUP(A20,$A$2:$C$6,2,FALSE) -> Souris
A21: P004 | B21: =VLOOKUP(A21,$A$2:$C$6,2,FALSE) -> Écran

Sheet Catalogue
A1: Product_ID | B1: Produit | C1: Catégorie | D1: Prix
A2: P001 | B2: Laptop HP | C2: Informatique | D2: 450000
A3: P002 | B3: Souris Logitech | C3: Informatique | D3: 15000
A4: P003 | B4: Clavier mécanique | C4: Informatique | D4: 45000
A5: P004 | B5: Écran 24 pouces | C5: Informatique | D5: 120000
A6: P005 | B6: Casque Audio | C6: Audio | D6: 30000
A7: P006 | B7: Disque SSD 1To | C7: Stockage | D7: 85000
A8: P007 | B8: RAM 16Go | C8: Informatique | D8: 55000
A9: P008 | B9: Carte graphique | C9: Informatique | D9: 180000
A10: P009 | B10: Webcam HD | C10: Périphérique | D10: 35000
A11: P010 | B11: Microphone | C11: Audio | D11: 25000
A12: P011 | B12: Tablette Graphique | C12: Périphérique | D12: 65000
A13: P012 | B13: Routeur WiFi | C13: Réseau | D13: 40000
... A51: P050 | B51: Switch PoE | C51: Réseau | D51: 75000

Sheet Recherche_Produit
A1: 🔍 RECHERCHE DE PRODUITS
A3: Product_ID | B3: P001
A4: Produit | B4: =VLOOKUP(B3,Catalogue!A:D,2,FALSE) -> Laptop HP
A5: Categorie | B5: =VLOOKUP(B3,Catalogue!A:D,3,FALSE) -> Informatique
A6: Prix | B6: =VLOOKUP(B3,Catalogue!A:D,4,FALSE) -> 450000
A8: Product_ID | B8: P005
A9: Produit | B9: =VLOOKUP(B8,Catalogue!A:D,2,FALSE) -> Casque Audio
A10: Categorie | B10: =VLOOKUP(B8,Catalogue!A:D,3,FALSE) -> Audio
A11: Prix | B11: =VLOOKUP(B8,Catalogue!A:D,4,FALSE) -> 30000
A13: Product_ID | B13: P010
A14: Produit | B14: =VLOOKUP(B13,Catalogue!A:D,2,FALSE) -> Microphone
A15: Categorie | B15: =VLOOKUP(B13,Catalogue!A:D,3,FALSE) -> Audio
A16: Prix | B16: =VLOOKUP(B13,Catalogue!A:D,4,FALSE) -> 25000
A18: Product_ID | B18: P050
A19: Produit | B19: =VLOOKUP(B18,Catalogue!A:D,2,FALSE) -> Switch PoE
A20: Categorie | B20: =VLOOKUP(B18,Catalogue!A:D,3,FALSE) -> Réseau
A21: Prix | B21: =VLOOKUP(B18,Catalogue!A:D,4,FALSE) -> 75000
